-- ------------------------------------------------------------------
--  BASE DE DATOS UTILIZADA POR PILDORAS INFORMATICAS
-- ------------------------------------------------------------------


--
-- DUMP FILE
--
-- Database is ported from MS Access
-- ------------------------------------------------------------------
-- Created using "MS Access to MSSQL" form http://www.bullzip.com
-- Program Version 5.5.281
--
-- OPTIONS:
--   sourcefilename=E:/Documentos/workspace/wks_java/pildorasinformaticas_JDBC2018/bbdd/Gestion_Pedidos_Ejercicios_be.accdb
--   sourceusername=
--   sourcepassword=
--   sourcesystemdatabase=
--   destinationserver=PC-CHANTA
--   destinationauthentication=Windows
--   destinationdatabase=
--   dropdatabase=0
--   createtables=1
--   unicode=1
--   autocommit=1
--   transferdefaultvalues=1
--   transferindexes=1
--   transferautonumbers=1
--   transferrecords=1
--   columnlist=1
--   tableprefix=
--   negativeboolean=0
--   ignorelargeblobs=0
--   memotype=VARCHAR(MAX)
--   datetimetype=DATETIME2
--

-- IF NOT EXISTS (SELECT * FROM master.dbo.sysdatabases WHERE name = 'Gestion_Pedidos_Ejercicios') 
DROP DATABASE Gestion_Pedidos_Ejercicios;

CREATE DATABASE Gestion_Pedidos_Ejercicios;

USE Gestion_Pedidos_Ejercicios;

--
-- Table structure for table 'CLIENTES'
--

-- IF object_id('CLIENTES', 'U') IS NOT NULL DROP TABLE CLIENTES

create table CLIENTES (
  CÓDIGO_CLIENTE VARCHAR(4) NOT NULL, 
  EMPRESA VARCHAR(25), 
  DIRECCIÓN VARCHAR(20), 
  POBLACIÓN VARCHAR(10), 
  TELÉFONO VARCHAR(9), 
  RESPONSABLE VARCHAR(40), 
  HISTORIAL VARCHAR(8000), 
  PRIMARY KEY (CÓDIGO_CLIENTE)
);

--
-- Dumping data for table 'CLIENTES'
--

INSERT INTO CLIENTES (CÓDIGO_CLIENTE, EMPRESA, DIRECCIÓN, POBLACIÓN, TELÉFONO, RESPONSABLE, HISTORIAL) VALUES ('CT01', 'BELTRÁN E HIJOS', 'LAS FUENTES 78', 'MADRID', '914456435', 'ANGEL MARTÍNEZ', NULL);
INSERT INTO CLIENTES (CÓDIGO_CLIENTE, EMPRESA, DIRECCIÓN, POBLACIÓN, TELÉFONO, RESPONSABLE, HISTORIAL) VALUES ('CT02', 'LA MODERNA', 'LA PALOMA 123', 'OVIEDO', '985323434', 'JUAN GARCÍA', NULL);
INSERT INTO CLIENTES (CÓDIGO_CLIENTE, EMPRESA, DIRECCIÓN, POBLACIÓN, TELÉFONO, RESPONSABLE, HISTORIAL) VALUES ('CT03', 'EL ESPAÑOLITO', 'MOTORES 34', 'BARCELONA', '934565343', 'ANA FERNÁNDEZ', NULL);
INSERT INTO CLIENTES (CÓDIGO_CLIENTE, EMPRESA, DIRECCIÓN, POBLACIÓN, TELÉFONO, RESPONSABLE, HISTORIAL) VALUES ('CT04', 'EXPORTASA', 'VALLECAS 34', 'MADRID', '913452378', 'ELVIRA GÓMEZ', NULL);
INSERT INTO CLIENTES (CÓDIGO_CLIENTE, EMPRESA, DIRECCIÓN, POBLACIÓN, TELÉFONO, RESPONSABLE, HISTORIAL) VALUES ('CT06', 'CONFECCIONES AMPARO', 'LOS MOROS 23', 'GIJÓ', '985754332', 'LUÍS ÁLVAREZ', NULL);
INSERT INTO CLIENTES (CÓDIGO_CLIENTE, EMPRESA, DIRECCIÓN, POBLACIÓN, TELÉFONO, RESPONSABLE, HISTORIAL) VALUES ('CT07', 'LA CASA DEL JUGUETE', 'AMÉRICA 45', 'MADRID', '912649987', 'ELÍAS PÉREZ', NULL);
INSERT INTO CLIENTES (CÓDIGO_CLIENTE, EMPRESA, DIRECCIÓN, POBLACIÓN, TELÉFONO, RESPONSABLE, HISTORIAL) VALUES ('CT08', 'JUGUETERÍA SUÁREZ', 'PARIS 123', 'BARCELONA', '933457866', 'JUAN GARCÍA', NULL);
INSERT INTO CLIENTES (CÓDIGO_CLIENTE, EMPRESA, DIRECCIÓN, POBLACIÓN, TELÉFONO, RESPONSABLE, HISTORIAL) VALUES ('CT09', 'ALMACÉN POPULAR', 'LAS FUENTES 124', 'BILBAO', '942347127', 'JOSÉ ÁLVAREZ', NULL);
INSERT INTO CLIENTES (CÓDIGO_CLIENTE, EMPRESA, DIRECCIÓN, POBLACIÓN, TELÉFONO, RESPONSABLE, HISTORIAL) VALUES ('CT10', 'FERETERÍA EL CLAVO', 'PASEO DE ÁLAMOS 78', 'MADRID', '914354866', 'MANUEL MENÉNDEZ', NULL);
INSERT INTO CLIENTES (CÓDIGO_CLIENTE, EMPRESA, DIRECCIÓN, POBLACIÓN, TELÉFONO, RESPONSABLE, HISTORIAL) VALUES ('CT11', 'JUGUETES MARTÍNEZ', 'VIA LAYETANA 245', 'BARCELONA', '936628554', 'FRANCISCO CUEVAS', NULL);
INSERT INTO CLIENTES (CÓDIGO_CLIENTE, EMPRESA, DIRECCIÓN, POBLACIÓN, TELÉFONO, RESPONSABLE, HISTORIAL) VALUES ('CT12', 'FERNÁNDEZ SL', 'PASEO DEL MAR 45', 'SANTANDER', '942049586', 'ELISA COLLADO', NULL);
INSERT INTO CLIENTES (CÓDIGO_CLIENTE, EMPRESA, DIRECCIÓN, POBLACIÓN, TELÉFONO, RESPONSABLE, HISTORIAL) VALUES ('CT13', 'CONFECCIONES ARTÍMEZ', 'GENERAL PERÓN 45', 'A CORUÑA', '981345239', 'ESTEBAN PASCUAL', NULL);
INSERT INTO CLIENTES (CÓDIGO_CLIENTE, EMPRESA, DIRECCIÓN, POBLACIÓN, TELÉFONO, RESPONSABLE, HISTORIAL) VALUES ('CT14', 'DEPORTES GARCÍA', 'GUZMÁN EL BUENO 45', 'MADRID', '913299475', 'ANA JIMÉNEZ', NULL);
INSERT INTO CLIENTES (CÓDIGO_CLIENTE, EMPRESA, DIRECCIÓN, POBLACIÓN, TELÉFONO, RESPONSABLE, HISTORIAL) VALUES ('CT15', 'EXCLUSIVAS FERNÁNDEZ', 'LLOBREGAT 250', 'BARCELONA', '939558365', 'LUISA FERNÁNDEZ', NULL);
INSERT INTO CLIENTES (CÓDIGO_CLIENTE, EMPRESA, DIRECCIÓN, POBLACIÓN, TELÉFONO, RESPONSABLE, HISTORIAL) VALUES ('CT16', 'DEPORTES MORÁ', 'AUTONOMÍA 45', 'LUGO', '982986944', 'JOSÉ MANZANO', NULL);
INSERT INTO CLIENTES (CÓDIGO_CLIENTE, EMPRESA, DIRECCIÓN, POBLACIÓN, TELÉFONO, RESPONSABLE, HISTORIAL) VALUES ('CT17', 'BAZAR FRANCISCO', 'CARMEN 45', 'ZAMORA', '980495288', 'CARLOS BELTRÁ', NULL);
INSERT INTO CLIENTES (CÓDIGO_CLIENTE, EMPRESA, DIRECCIÓN, POBLACIÓN, TELÉFONO, RESPONSABLE, HISTORIAL) VALUES ('CT18', 'JUGUETES LA SONRISA', 'LA BAÑEZA 67', 'LEÓ', '987945368', 'FAUSTINO PÉREZ', NULL);
INSERT INTO CLIENTES (CÓDIGO_CLIENTE, EMPRESA, DIRECCIÓN, POBLACIÓN, TELÉFONO, RESPONSABLE, HISTORIAL) VALUES ('CT19', 'CONFECCIONES GALÁ', 'FUENCARRAL 78', 'MADRID', '913859234', 'JUAN GARCÍA', NULL);
INSERT INTO CLIENTES (CÓDIGO_CLIENTE, EMPRESA, DIRECCIÓN, POBLACIÓN, TELÉFONO, RESPONSABLE, HISTORIAL) VALUES ('CT20', 'LA CURTIDORA', 'OLIVARES 3', 'MÁLAGA', '953756259', 'MARÍA GÓMEZ', NULL);
INSERT INTO CLIENTES (CÓDIGO_CLIENTE, EMPRESA, DIRECCIÓN, POBLACIÓN, TELÉFONO, RESPONSABLE, HISTORIAL) VALUES ('CT21', 'LÍNEA JOVE', 'SIERPES 78', 'SEVILLA', '953452567', 'ASUNCIÓN SALADO', NULL);
INSERT INTO CLIENTES (CÓDIGO_CLIENTE, EMPRESA, DIRECCIÓN, POBLACIÓN, TELÉFONO, RESPONSABLE, HISTORIAL) VALUES ('CT22', 'BAZAR EL BARAT', 'DIAGONAL 56', 'BARCELONA', '936692866', 'ELISA DAPENA', NULL);
INSERT INTO CLIENTES (CÓDIGO_CLIENTE, EMPRESA, DIRECCIÓN, POBLACIÓN, TELÉFONO, RESPONSABLE, HISTORIAL) VALUES ('CT23', 'EL PALACIO DE LA MODA', 'ORTEGA Y GASSET 129', 'MADRID', '927785235', 'LAURA CARRASCO', NULL);
INSERT INTO CLIENTES (CÓDIGO_CLIENTE, EMPRESA, DIRECCIÓN, POBLACIÓN, TELÉFONO, RESPONSABLE, HISTORIAL) VALUES ('CT24', 'SÁEZ Y CÍA', 'INFANTA MERCEDS 23', 'SEVILLA', '954869234', 'MANUEL GUERRA', NULL);
INSERT INTO CLIENTES (CÓDIGO_CLIENTE, EMPRESA, DIRECCIÓN, POBLACIÓN, TELÉFONO, RESPONSABLE, HISTORIAL) VALUES ('CT25', 'DEPORTES EL MADRILEÑO', 'CASTILLA 345', 'ZARAGOZA', '976388934', 'CARLOS GONZÁLEZ', NULL);
INSERT INTO CLIENTES (CÓDIGO_CLIENTE, EMPRESA, DIRECCIÓN, POBLACIÓN, TELÉFONO, RESPONSABLE, HISTORIAL) VALUES ('CT26', 'FERRETERÍA LA ESCOBA', 'ORENSE 7', 'MADRID', '918459346', 'JOSÉ GARCÍA', NULL);
INSERT INTO CLIENTES (CÓDIGO_CLIENTE, EMPRESA, DIRECCIÓN, POBLACIÓN, TELÉFONO, RESPONSABLE, HISTORIAL) VALUES ('CT27', 'JUGUETES EL BARATO', 'VÍA AUGUSTA 245', 'BARCELONA', '933486984', 'ELVIRA IGLESIAS', NULL);
INSERT INTO CLIENTES (CÓDIGO_CLIENTE, EMPRESA, DIRECCIÓN, POBLACIÓN, TELÉFONO, RESPONSABLE, HISTORIAL) VALUES ('CT28', 'CONFECCIONES HERMINIA', 'CORRIDA 345', 'GIJÓ', '985597315', 'ABEL GONZÁLEZ', NULL);
INSERT INTO CLIENTES (CÓDIGO_CLIENTE, EMPRESA, DIRECCIÓN, POBLACIÓN, TELÉFONO, RESPONSABLE, HISTORIAL) VALUES ('CT30', 'BAZAR EL ARGENTINO', 'ATOCHA 55', 'MADRID', '912495973', 'ADRIÁN ÁLVAREZ', NULL);
INSERT INTO CLIENTES (CÓDIGO_CLIENTE, EMPRESA, DIRECCIÓN, POBLACIÓN, TELÉFONO, RESPONSABLE, HISTORIAL) VALUES ('CT31', 'LA TIENDA ELEGANTE', 'EL COMENDADOR 67', 'ZARAGOZA', '975694035', 'JOSÉ PASCUAL', NULL);
INSERT INTO CLIENTES (CÓDIGO_CLIENTE, EMPRESA, DIRECCIÓN, POBLACIÓN, TELÉFONO, RESPONSABLE, HISTORIAL) VALUES ('CT32', 'DEPORTES NAUTICOS GARCÍA', 'JUAN FERNÁNDEZ 89', 'ÁVILA', '920268648', 'JUAN CONRADO', NULL);
INSERT INTO CLIENTES (CÓDIGO_CLIENTE, EMPRESA, DIRECCIÓN, POBLACIÓN, TELÉFONO, RESPONSABLE, HISTORIAL) VALUES ('CT33', 'CONFECCIONES RUIZ', 'LLOBREGAT 345', 'BARCELONA', '934587615', 'CARLOS SANZ', NULL);
INSERT INTO CLIENTES (CÓDIGO_CLIENTE, EMPRESA, DIRECCIÓN, POBLACIÓN, TELÉFONO, RESPONSABLE, HISTORIAL) VALUES ('CT34', 'BAZAR LA FARAONA', 'CASTILLA Y LEÓN 34', 'MADRID', '915483627', 'ANGEL SANTAMARÍA', NULL);
INSERT INTO CLIENTES (CÓDIGO_CLIENTE, EMPRESA, DIRECCIÓN, POBLACIÓN, TELÉFONO, RESPONSABLE, HISTORIAL) VALUES ('CT35', 'FERRETERÍA EL MARTILLO', 'CASTELLANOS 205', 'SALAMANCA', '923548965', 'JOAQUÍN FERNANDEZ', NULL);
INSERT INTO CLIENTES (CÓDIGO_CLIENTE, EMPRESA, DIRECCIÓN, POBLACIÓN, TELÉFONO, RESPONSABLE, HISTORIAL) VALUES ('CT36', 'JUGUETES EDUCATIVOS SANZ', 'ORENSE 89', 'MADRID', '916872354', 'PEDRO IGLESIAS', NULL);
INSERT INTO CLIENTES (CÓDIGO_CLIENTE, EMPRESA, DIRECCIÓN, POBLACIÓN, TELÉFONO, RESPONSABLE, HISTORIAL) VALUES ('CT37', 'ALMACENES FERNANDEZ', 'ANTÓN 67', 'TERUEL', '978564025', 'MARIA ARDANZA', NULL);
INSERT INTO CLIENTES (CÓDIGO_CLIENTE, EMPRESA, DIRECCIÓN, POBLACIÓN, TELÉFONO, RESPONSABLE, HISTORIAL) VALUES ('CT38', 'CONFECCIONES MÓNICA', 'MOTORES 67', 'BARCELONA', '935681245', 'PEDRO SERRANO', NULL);
INSERT INTO CLIENTES (CÓDIGO_CLIENTE, EMPRESA, DIRECCIÓN, POBLACIÓN, TELÉFONO, RESPONSABLE, HISTORIAL) VALUES ('CT39', 'FERRETERÍA LIMA', 'VALLECAS 45', 'MADRID', '913532785', 'LUIS GARCÍA', NULL);
INSERT INTO CLIENTES (CÓDIGO_CLIENTE, EMPRESA, DIRECCIÓN, POBLACIÓN, TELÉFONO, RESPONSABLE, HISTORIAL) VALUES ('CT40', 'DEPORTES EL BRASILEÑO', 'ABEL MARTÍNEZ 67', 'SALAMANCA', '921548762', 'CARLOS GÓMEZ', NULL);
-- 38 records

--
-- Table structure for table 'PEDIDOS'
--

-- IF object_id('PEDIDOS', 'U') IS NOT NULL DROP TABLE PEDIDOS

CREATE TABLE PEDIDOS (
  NÚMERO_DE_PEDIDO INT NOT NULL DEFAULT 0, 
  CÓDIGO_CLIENTE VARCHAR(4), 
  FECHA_DE_PEDIDO DATETIME, 
  FORMA_DE_PAGO VARCHAR(8), 
  DESCUENTO VARCHAR(255), 
  ENVIADO VARCHAR(255), 
  PRIMARY KEY (NÚMERO_DE_PEDIDO)
);

--
-- Dumping data for table 'PEDIDOS'
--

INSERT INTO PEDIDOS (NÚMERO_DE_PEDIDO, CÓDIGO_CLIENTE, FECHA_DE_PEDIDO, FORMA_DE_PAGO, DESCUENTO, ENVIADO) VALUES (1, 'CT01', '2000-03-11 00:00:00', 'CONTADO', .02, -1);
INSERT INTO PEDIDOS (NÚMERO_DE_PEDIDO, CÓDIGO_CLIENTE, FECHA_DE_PEDIDO, FORMA_DE_PAGO, DESCUENTO, ENVIADO) VALUES (3, 'CT23', '2000-03-18 00:00:00', 'APLAZADO', .06, 0);
INSERT INTO PEDIDOS (NÚMERO_DE_PEDIDO, CÓDIGO_CLIENTE, FECHA_DE_PEDIDO, FORMA_DE_PAGO, DESCUENTO, ENVIADO) VALUES (5, 'CT25', '2000-03-31 00:00:00', 'CONTADO', .09, 0);
INSERT INTO PEDIDOS (NÚMERO_DE_PEDIDO, CÓDIGO_CLIENTE, FECHA_DE_PEDIDO, FORMA_DE_PAGO, DESCUENTO, ENVIADO) VALUES (7, 'CT12', '2000-04-12 00:00:00', 'CONTADO', .07, 0);
INSERT INTO PEDIDOS (NÚMERO_DE_PEDIDO, CÓDIGO_CLIENTE, FECHA_DE_PEDIDO, FORMA_DE_PAGO, DESCUENTO, ENVIADO) VALUES (8, 'CT01', '2000-04-15 00:00:00', 'TARJETA', .02, -1);
INSERT INTO PEDIDOS (NÚMERO_DE_PEDIDO, CÓDIGO_CLIENTE, FECHA_DE_PEDIDO, FORMA_DE_PAGO, DESCUENTO, ENVIADO) VALUES (9, 'CT21', '2000-04-21 00:00:00', 'CONTADO', .04, 0);
INSERT INTO PEDIDOS (NÚMERO_DE_PEDIDO, CÓDIGO_CLIENTE, FECHA_DE_PEDIDO, FORMA_DE_PAGO, DESCUENTO, ENVIADO) VALUES (11, 'CT04', '2001-05-01 00:00:00', 'CONTADO', .08, -1);
INSERT INTO PEDIDOS (NÚMERO_DE_PEDIDO, CÓDIGO_CLIENTE, FECHA_DE_PEDIDO, FORMA_DE_PAGO, DESCUENTO, ENVIADO) VALUES (12, 'CT06', '2001-05-19 00:00:00', 'CONTADO', .09, -1);
INSERT INTO PEDIDOS (NÚMERO_DE_PEDIDO, CÓDIGO_CLIENTE, FECHA_DE_PEDIDO, FORMA_DE_PAGO, DESCUENTO, ENVIADO) VALUES (13, 'CT13', '2000-04-30 00:00:00', 'APLAZADO', .03, 0);
INSERT INTO PEDIDOS (NÚMERO_DE_PEDIDO, CÓDIGO_CLIENTE, FECHA_DE_PEDIDO, FORMA_DE_PAGO, DESCUENTO, ENVIADO) VALUES (16, 'CT25', '2001-05-11 00:00:00', 'CONTADO', .12, 0);
INSERT INTO PEDIDOS (NÚMERO_DE_PEDIDO, CÓDIGO_CLIENTE, FECHA_DE_PEDIDO, FORMA_DE_PAGO, DESCUENTO, ENVIADO) VALUES (19, 'CT10', '2002-05-22 00:00:00', 'CONTADO', .07, -1);
INSERT INTO PEDIDOS (NÚMERO_DE_PEDIDO, CÓDIGO_CLIENTE, FECHA_DE_PEDIDO, FORMA_DE_PAGO, DESCUENTO, ENVIADO) VALUES (21, 'CT16', '2001-05-28 00:00:00', 'CONTADO', .03, 0);
INSERT INTO PEDIDOS (NÚMERO_DE_PEDIDO, CÓDIGO_CLIENTE, FECHA_DE_PEDIDO, FORMA_DE_PAGO, DESCUENTO, ENVIADO) VALUES (22, 'CT07', '2000-05-31 00:00:00', 'TARJETA', .05, -1);
INSERT INTO PEDIDOS (NÚMERO_DE_PEDIDO, CÓDIGO_CLIENTE, FECHA_DE_PEDIDO, FORMA_DE_PAGO, DESCUENTO, ENVIADO) VALUES (25, 'CT18', '2000-06-02 00:00:00', 'CONTADO', .06, 0);
INSERT INTO PEDIDOS (NÚMERO_DE_PEDIDO, CÓDIGO_CLIENTE, FECHA_DE_PEDIDO, FORMA_DE_PAGO, DESCUENTO, ENVIADO) VALUES (26, 'CT09', '2001-06-04 00:00:00', 'APLAZADO', .07, -1);
INSERT INTO PEDIDOS (NÚMERO_DE_PEDIDO, CÓDIGO_CLIENTE, FECHA_DE_PEDIDO, FORMA_DE_PAGO, DESCUENTO, ENVIADO) VALUES (27, 'CT34', '2000-06-06 00:00:00', 'CONTADO', .04, 0);
INSERT INTO PEDIDOS (NÚMERO_DE_PEDIDO, CÓDIGO_CLIENTE, FECHA_DE_PEDIDO, FORMA_DE_PAGO, DESCUENTO, ENVIADO) VALUES (28, 'CT28', '2000-06-08 00:00:00', 'APLAZADO', .08, 0);
INSERT INTO PEDIDOS (NÚMERO_DE_PEDIDO, CÓDIGO_CLIENTE, FECHA_DE_PEDIDO, FORMA_DE_PAGO, DESCUENTO, ENVIADO) VALUES (29, 'CT30', '2001-04-02 00:00:00', 'TARJETA', .06, 0);
INSERT INTO PEDIDOS (NÚMERO_DE_PEDIDO, CÓDIGO_CLIENTE, FECHA_DE_PEDIDO, FORMA_DE_PAGO, DESCUENTO, ENVIADO) VALUES (30, 'CT02', '2000-08-15 00:00:00', 'CONTADO', .06, -1);
INSERT INTO PEDIDOS (NÚMERO_DE_PEDIDO, CÓDIGO_CLIENTE, FECHA_DE_PEDIDO, FORMA_DE_PAGO, DESCUENTO, ENVIADO) VALUES (31, 'CT30', '2000-06-08 00:00:00', 'TARJETA', .05, -1);
INSERT INTO PEDIDOS (NÚMERO_DE_PEDIDO, CÓDIGO_CLIENTE, FECHA_DE_PEDIDO, FORMA_DE_PAGO, DESCUENTO, ENVIADO) VALUES (32, 'CT14', '2001-06-20 00:00:00', 'APLAZADO', .06, 0);
INSERT INTO PEDIDOS (NÚMERO_DE_PEDIDO, CÓDIGO_CLIENTE, FECHA_DE_PEDIDO, FORMA_DE_PAGO, DESCUENTO, ENVIADO) VALUES (34, 'CT26', '2002-06-23 00:00:00', 'TARJETA', .05, 0);
INSERT INTO PEDIDOS (NÚMERO_DE_PEDIDO, CÓDIGO_CLIENTE, FECHA_DE_PEDIDO, FORMA_DE_PAGO, DESCUENTO, ENVIADO) VALUES (35, 'CT26', '2001-06-30 00:00:00', 'CONTADO', .06, 0);
INSERT INTO PEDIDOS (NÚMERO_DE_PEDIDO, CÓDIGO_CLIENTE, FECHA_DE_PEDIDO, FORMA_DE_PAGO, DESCUENTO, ENVIADO) VALUES (37, 'CT24', '2001-07-02 00:00:00', 'TARJETA', .03, -1);
INSERT INTO PEDIDOS (NÚMERO_DE_PEDIDO, CÓDIGO_CLIENTE, FECHA_DE_PEDIDO, FORMA_DE_PAGO, DESCUENTO, ENVIADO) VALUES (39, 'CT20', '2001-07-08 00:00:00', 'TARJETA', .06, -1);
INSERT INTO PEDIDOS (NÚMERO_DE_PEDIDO, CÓDIGO_CLIENTE, FECHA_DE_PEDIDO, FORMA_DE_PAGO, DESCUENTO, ENVIADO) VALUES (40, 'CT04', '2002-07-12 00:00:00', 'CONTADO', .12, 0);
INSERT INTO PEDIDOS (NÚMERO_DE_PEDIDO, CÓDIGO_CLIENTE, FECHA_DE_PEDIDO, FORMA_DE_PAGO, DESCUENTO, ENVIADO) VALUES (42, 'CT34', '2002-07-15 00:00:00', 'APLAZADO', .07, -1);
INSERT INTO PEDIDOS (NÚMERO_DE_PEDIDO, CÓDIGO_CLIENTE, FECHA_DE_PEDIDO, FORMA_DE_PAGO, DESCUENTO, ENVIADO) VALUES (43, 'CT09', '2001-07-18 00:00:00', 'CONTADO', .07, 0);
INSERT INTO PEDIDOS (NÚMERO_DE_PEDIDO, CÓDIGO_CLIENTE, FECHA_DE_PEDIDO, FORMA_DE_PAGO, DESCUENTO, ENVIADO) VALUES (44, 'CT34', '2002-07-20 00:00:00', 'APLAZADO', .04, 0);
INSERT INTO PEDIDOS (NÚMERO_DE_PEDIDO, CÓDIGO_CLIENTE, FECHA_DE_PEDIDO, FORMA_DE_PAGO, DESCUENTO, ENVIADO) VALUES (45, 'CT30', '2002-07-22 00:00:00', 'TARJETA', .07, 0);
INSERT INTO PEDIDOS (NÚMERO_DE_PEDIDO, CÓDIGO_CLIENTE, FECHA_DE_PEDIDO, FORMA_DE_PAGO, DESCUENTO, ENVIADO) VALUES (46, 'CT31', '2002-07-25 00:00:00', 'CONTADO', .06, 0);
INSERT INTO PEDIDOS (NÚMERO_DE_PEDIDO, CÓDIGO_CLIENTE, FECHA_DE_PEDIDO, FORMA_DE_PAGO, DESCUENTO, ENVIADO) VALUES (47, 'CT34', '2000-07-31 00:00:00', 'APLAZADO', .08, 0);
INSERT INTO PEDIDOS (NÚMERO_DE_PEDIDO, CÓDIGO_CLIENTE, FECHA_DE_PEDIDO, FORMA_DE_PAGO, DESCUENTO, ENVIADO) VALUES (48, 'CT18', '2002-08-30 00:00:00', 'CONTADO', .03, 0);
INSERT INTO PEDIDOS (NÚMERO_DE_PEDIDO, CÓDIGO_CLIENTE, FECHA_DE_PEDIDO, FORMA_DE_PAGO, DESCUENTO, ENVIADO) VALUES (49, 'CT28', '2002-09-02 00:00:00', 'CONTADO', .03, 0);
INSERT INTO PEDIDOS (NÚMERO_DE_PEDIDO, CÓDIGO_CLIENTE, FECHA_DE_PEDIDO, FORMA_DE_PAGO, DESCUENTO, ENVIADO) VALUES (50, 'CT09', '2002-09-05 00:00:00', 'APLAZADO', .08, 0);
INSERT INTO PEDIDOS (NÚMERO_DE_PEDIDO, CÓDIGO_CLIENTE, FECHA_DE_PEDIDO, FORMA_DE_PAGO, DESCUENTO, ENVIADO) VALUES (51, 'CT09', '2002-09-05 00:00:00', 'CONTADO', .05, -1);
INSERT INTO PEDIDOS (NÚMERO_DE_PEDIDO, CÓDIGO_CLIENTE, FECHA_DE_PEDIDO, FORMA_DE_PAGO, DESCUENTO, ENVIADO) VALUES (63, 'CT28', '2000-09-10 00:00:00', 'CONTADO', .09, 0);
INSERT INTO PEDIDOS (NÚMERO_DE_PEDIDO, CÓDIGO_CLIENTE, FECHA_DE_PEDIDO, FORMA_DE_PAGO, DESCUENTO, ENVIADO) VALUES (72, 'CT01', '2002-08-18 00:00:00', 'CONTADO', .05, -1);
INSERT INTO PEDIDOS (NÚMERO_DE_PEDIDO, CÓDIGO_CLIENTE, FECHA_DE_PEDIDO, FORMA_DE_PAGO, DESCUENTO, ENVIADO) VALUES (73, 'CT01', '2001-08-02 00:00:00', 'CONTADO', .07, 0);
INSERT INTO PEDIDOS (NÚMERO_DE_PEDIDO, CÓDIGO_CLIENTE, FECHA_DE_PEDIDO, FORMA_DE_PAGO, DESCUENTO, ENVIADO) VALUES (74, 'CT01', '2002-09-17 00:00:00', 'APLAZADO', .08, 0);
INSERT INTO PEDIDOS (NÚMERO_DE_PEDIDO, CÓDIGO_CLIENTE, FECHA_DE_PEDIDO, FORMA_DE_PAGO, DESCUENTO, ENVIADO) VALUES (75, 'CT01', '2002-09-30 00:00:00', 'TARJETA', .12, 0);
INSERT INTO PEDIDOS (NÚMERO_DE_PEDIDO, CÓDIGO_CLIENTE, FECHA_DE_PEDIDO, FORMA_DE_PAGO, DESCUENTO, ENVIADO) VALUES (76, 'CT01', '2002-10-19 00:00:00', 'CONTADO', .04, -1);
INSERT INTO PEDIDOS (NÚMERO_DE_PEDIDO, CÓDIGO_CLIENTE, FECHA_DE_PEDIDO, FORMA_DE_PAGO, DESCUENTO, ENVIADO) VALUES (77, 'CT01', '2000-10-28 00:00:00', 'CONTADO', .05, 0);
INSERT INTO PEDIDOS (NÚMERO_DE_PEDIDO, CÓDIGO_CLIENTE, FECHA_DE_PEDIDO, FORMA_DE_PAGO, DESCUENTO, ENVIADO) VALUES (79, 'CT34', '2000-12-12 00:00:00', 'CONTADO', .05, 0);
INSERT INTO PEDIDOS (NÚMERO_DE_PEDIDO, CÓDIGO_CLIENTE, FECHA_DE_PEDIDO, FORMA_DE_PAGO, DESCUENTO, ENVIADO) VALUES (85, 'CT04', '2002-12-23 00:00:00', 'TARJETA', .04, 0);
INSERT INTO PEDIDOS (NÚMERO_DE_PEDIDO, CÓDIGO_CLIENTE, FECHA_DE_PEDIDO, FORMA_DE_PAGO, DESCUENTO, ENVIADO) VALUES (86, 'CT09', '2001-12-24 00:00:00', 'APLAZADO', .03, 0);
INSERT INTO PEDIDOS (NÚMERO_DE_PEDIDO, CÓDIGO_CLIENTE, FECHA_DE_PEDIDO, FORMA_DE_PAGO, DESCUENTO, ENVIADO) VALUES (98, 'CT01', '2001-12-27 00:00:00', 'CONTADO', .08, -1);
INSERT INTO PEDIDOS (NÚMERO_DE_PEDIDO, CÓDIGO_CLIENTE, FECHA_DE_PEDIDO, FORMA_DE_PAGO, DESCUENTO, ENVIADO) VALUES (102, 'CT06', '2001-01-12 00:00:00', 'CONTADO', .07, -1);
INSERT INTO PEDIDOS (NÚMERO_DE_PEDIDO, CÓDIGO_CLIENTE, FECHA_DE_PEDIDO, FORMA_DE_PAGO, DESCUENTO, ENVIADO) VALUES (103, 'CT02', '2001-01-24 00:00:00', 'CONTADO', .04, 0);
INSERT INTO PEDIDOS (NÚMERO_DE_PEDIDO, CÓDIGO_CLIENTE, FECHA_DE_PEDIDO, FORMA_DE_PAGO, DESCUENTO, ENVIADO) VALUES (105, 'CT30', '2001-01-01 00:00:00', 'APLAZADO', .09, 0);
INSERT INTO PEDIDOS (NÚMERO_DE_PEDIDO, CÓDIGO_CLIENTE, FECHA_DE_PEDIDO, FORMA_DE_PAGO, DESCUENTO, ENVIADO) VALUES (5005, 'CT30', '2002-08-10 00:00:00', 'TARJETA', 0, -1);
INSERT INTO PEDIDOS (NÚMERO_DE_PEDIDO, CÓDIGO_CLIENTE, FECHA_DE_PEDIDO, FORMA_DE_PAGO, DESCUENTO, ENVIADO) VALUES (5050, 'CT30', '2002-03-27 00:00:00', 'TARJETA', 0, -1);
-- 52 records

CREATE INDEX CÓDIGO_CLIENTE ON PEDIDOS (CÓDIGO_CLIENTE);


--
-- Table structure for table 'PRODUCTOS'
--

-- IF object_id('PRODUCTOS', 'U') IS NOT NULL DROP TABLE PRODUCTOS

CREATE TABLE PRODUCTOS (
  CÓDIGO_ARTÍCULO VARCHAR(4) NOT NULL, 
  SECCIÓN VARCHAR(12), 
  NOMBRE_ARTÍCULO VARCHAR(255), 
  PRECIO VARCHAR(255), 
  FECHA VARCHAR(255), 
  IMPORTADO VARCHAR(255), 
  PAÍS_DE_ORIGEN VARCHAR(255) DEFAULT 'ESPAÑA', 
  FOTO VARCHAR(255), 
  PRIMARY KEY (CÓDIGO_ARTÍCULO)
);

--
-- Dumping data for table 'PRODUCTOS'
--

INSERT INTO PRODUCTOS (CÓDIGO_ARTÍCULO, SECCIÓN, NOMBRE_ARTÍCULO, PRECIO, FECHA, IMPORTADO, PAÍS_DE_ORIGEN, FOTO) VALUES ('AR01', 'FERRETERÍA', 'DESTORNILLADOR', 6.628, '2000-10-22 00:00:00', 0, 'ESPAÑA', NULL);
INSERT INTO PRODUCTOS (CÓDIGO_ARTÍCULO, SECCIÓN, NOMBRE_ARTÍCULO, PRECIO, FECHA, IMPORTADO, PAÍS_DE_ORIGEN, FOTO) VALUES ('AR02', 'CONFECCIÓN', 'TRAJE CABALLERO', 284.5769, '2002-03-11 00:00:00', -1, 'ITALIA', NULL);
INSERT INTO PRODUCTOS (CÓDIGO_ARTÍCULO, SECCIÓN, NOMBRE_ARTÍCULO, PRECIO, FECHA, IMPORTADO, PAÍS_DE_ORIGEN, FOTO) VALUES ('AR03', 'JUGUETERÍA', 'COCHE TELEDIRIGIDO', 159.4462, '2002-05-26 00:00:00', -1, 'MARRUECOS', NULL);
INSERT INTO PRODUCTOS (CÓDIGO_ARTÍCULO, SECCIÓN, NOMBRE_ARTÍCULO, PRECIO, FECHA, IMPORTADO, PAÍS_DE_ORIGEN, FOTO) VALUES ('AR04', 'DEPORTES', 'RAQUETA TENIS', 93.4694, '2000-03-20 00:00:00', -1, 'USA', NULL);
INSERT INTO PRODUCTOS (CÓDIGO_ARTÍCULO, SECCIÓN, NOMBRE_ARTÍCULO, PRECIO, FECHA, IMPORTADO, PAÍS_DE_ORIGEN, FOTO) VALUES ('AR06', 'DEPORTES', 'MANCUERNAS', 60, '2000-09-13 00:00:00', -1, 'USA', NULL);
INSERT INTO PRODUCTOS (CÓDIGO_ARTÍCULO, SECCIÓN, NOMBRE_ARTÍCULO, PRECIO, FECHA, IMPORTADO, PAÍS_DE_ORIGEN, FOTO) VALUES ('AR07', 'CONFECCIÓN', 'SERRUCHO', 30.2045, '2001-03-23 00:00:00', -1, 'FRANCIA', NULL);
INSERT INTO PRODUCTOS (CÓDIGO_ARTÍCULO, SECCIÓN, NOMBRE_ARTÍCULO, PRECIO, FECHA, IMPORTADO, PAÍS_DE_ORIGEN, FOTO) VALUES ('AR08', 'JUGUETERÍA', 'CORREPASILLOS', 103.3356, '2000-04-11 00:00:00', -1, 'JAPÓ', NULL);
INSERT INTO PRODUCTOS (CÓDIGO_ARTÍCULO, SECCIÓN, NOMBRE_ARTÍCULO, PRECIO, FECHA, IMPORTADO, PAÍS_DE_ORIGEN, FOTO) VALUES ('AR09', 'CONFECCIÓN', 'PANTALÓN SEÑORA', 174.231, '2000-01-10 00:00:00', -1, 'MARRUECOS', NULL);
INSERT INTO PRODUCTOS (CÓDIGO_ARTÍCULO, SECCIÓN, NOMBRE_ARTÍCULO, PRECIO, FECHA, IMPORTADO, PAÍS_DE_ORIGEN, FOTO) VALUES ('AR10', 'JUGUETERÍA', 'CONSOLA VIDEO', 442.5444, '2002-09-24 00:00:00', -1, 'USA', NULL);
INSERT INTO PRODUCTOS (CÓDIGO_ARTÍCULO, SECCIÓN, NOMBRE_ARTÍCULO, PRECIO, FECHA, IMPORTADO, PAÍS_DE_ORIGEN, FOTO) VALUES ('AR11', 'CERÁMICA', 'TUBOS', 168.4253, '2000-02-04 00:00:00', -1, 'CHINA', NULL);
INSERT INTO PRODUCTOS (CÓDIGO_ARTÍCULO, SECCIÓN, NOMBRE_ARTÍCULO, PRECIO, FECHA, IMPORTADO, PAÍS_DE_ORIGEN, FOTO) VALUES ('AR12', 'FERRETERÍA', 'LLAVE INGLESA', 24.3986, '2001-05-23 00:00:00', -1, 'USA', NULL);
INSERT INTO PRODUCTOS (CÓDIGO_ARTÍCULO, SECCIÓN, NOMBRE_ARTÍCULO, PRECIO, FECHA, IMPORTADO, PAÍS_DE_ORIGEN, FOTO) VALUES ('AR13', 'CONFECCIÓN', 'CAMISA CABALLERO', 67.1306, '2002-08-11 00:00:00', 0, 'ESPAÑA', NULL);
INSERT INTO PRODUCTOS (CÓDIGO_ARTÍCULO, SECCIÓN, NOMBRE_ARTÍCULO, PRECIO, FECHA, IMPORTADO, PAÍS_DE_ORIGEN, FOTO) VALUES ('AR14', 'JUGUETERÍA', 'TREN ELÉCTRICO', 1505.3766, '2001-07-03 00:00:00', -1, 'JAPÓ', NULL);
INSERT INTO PRODUCTOS (CÓDIGO_ARTÍCULO, SECCIÓN, NOMBRE_ARTÍCULO, PRECIO, FECHA, IMPORTADO, PAÍS_DE_ORIGEN, FOTO) VALUES ('AR15', 'CERÁMICA', 'PLATO DECORATIVO', 54.0911, '2000-06-07 00:00:00', -1, 'CHINA', NULL);
INSERT INTO PRODUCTOS (CÓDIGO_ARTÍCULO, SECCIÓN, NOMBRE_ARTÍCULO, PRECIO, FECHA, IMPORTADO, PAÍS_DE_ORIGEN, FOTO) VALUES ('AR16', 'FERRETERÍA', 'ALICATES', 6.7362, '2000-04-17 00:00:00', -1, 'ITALIA', NULL);
INSERT INTO PRODUCTOS (CÓDIGO_ARTÍCULO, SECCIÓN, NOMBRE_ARTÍCULO, PRECIO, FECHA, IMPORTADO, PAÍS_DE_ORIGEN, FOTO) VALUES ('AR17', 'JUGUETERÍA', 'MUÑECA ANDADORA', 105.0593, '2001-01-04 00:00:00', 0, 'ESPAÑA', NULL);
INSERT INTO PRODUCTOS (CÓDIGO_ARTÍCULO, SECCIÓN, NOMBRE_ARTÍCULO, PRECIO, FECHA, IMPORTADO, PAÍS_DE_ORIGEN, FOTO) VALUES ('AR18', 'DEPORTES', 'PISTOLA OLÍMPICA', 46.7347, '2001-02-02 00:00:00', -1, 'SUECIA', NULL);
INSERT INTO PRODUCTOS (CÓDIGO_ARTÍCULO, SECCIÓN, NOMBRE_ARTÍCULO, PRECIO, FECHA, IMPORTADO, PAÍS_DE_ORIGEN, FOTO) VALUES ('AR19', 'CONFECCIÓN', 'BLUSA SRA.', 101.0566, '2000-03-18 00:00:00', -1, 'CHINA', NULL);
INSERT INTO PRODUCTOS (CÓDIGO_ARTÍCULO, SECCIÓN, NOMBRE_ARTÍCULO, PRECIO, FECHA, IMPORTADO, PAÍS_DE_ORIGEN, FOTO) VALUES ('AR20', 'CERÁMICA', 'JUEGO DE TE', 43.2728, '2001-01-15 00:00:00', -1, 'CHINA', NULL);
INSERT INTO PRODUCTOS (CÓDIGO_ARTÍCULO, SECCIÓN, NOMBRE_ARTÍCULO, PRECIO, FECHA, IMPORTADO, PAÍS_DE_ORIGEN, FOTO) VALUES ('AR21', 'CERÁMICA', 'CENICERO', 19.7468, '2001-07-02 00:00:00', -1, 'JAPÓ', NULL);
INSERT INTO PRODUCTOS (CÓDIGO_ARTÍCULO, SECCIÓN, NOMBRE_ARTÍCULO, PRECIO, FECHA, IMPORTADO, PAÍS_DE_ORIGEN, FOTO) VALUES ('AR22', 'FERRETERÍA', 'MARTILLO', 11.3952, '2001-09-04 00:00:00', 0, 'ESPAÑA', NULL);
INSERT INTO PRODUCTOS (CÓDIGO_ARTÍCULO, SECCIÓN, NOMBRE_ARTÍCULO, PRECIO, FECHA, IMPORTADO, PAÍS_DE_ORIGEN, FOTO) VALUES ('AR23', 'CONFECCIÓN', 'CAZADORA PIEL', 522.693, '2001-07-10 00:00:00', -1, 'ITALIA', NULL);
INSERT INTO PRODUCTOS (CÓDIGO_ARTÍCULO, SECCIÓN, NOMBRE_ARTÍCULO, PRECIO, FECHA, IMPORTADO, PAÍS_DE_ORIGEN, FOTO) VALUES ('AR24', 'DEPORTES', 'BALÓN RUGBY', 111.644, '2000-11-11 00:00:00', -1, 'USA', NULL);
INSERT INTO PRODUCTOS (CÓDIGO_ARTÍCULO, SECCIÓN, NOMBRE_ARTÍCULO, PRECIO, FECHA, IMPORTADO, PAÍS_DE_ORIGEN, FOTO) VALUES ('AR25', 'DEPORTES', 'BALÓN BALONCESTO', 75.2731, '2001-06-25 00:00:00', -1, 'JAPÓ', NULL);
INSERT INTO PRODUCTOS (CÓDIGO_ARTÍCULO, SECCIÓN, NOMBRE_ARTÍCULO, PRECIO, FECHA, IMPORTADO, PAÍS_DE_ORIGEN, FOTO) VALUES ('AR26', 'JUGUETERÍA', 'FUERTE DE SOLDADOS', 143.702, '2000-11-25 00:00:00', -1, 'JAPÓ', NULL);
INSERT INTO PRODUCTOS (CÓDIGO_ARTÍCULO, SECCIÓN, NOMBRE_ARTÍCULO, PRECIO, FECHA, IMPORTADO, PAÍS_DE_ORIGEN, FOTO) VALUES ('AR27', 'CONFECCIÓN', 'ABRIGO CABALLERO', 500000, '2002-04-05 00:00:00', -1, 'ITALIA', NULL);
INSERT INTO PRODUCTOS (CÓDIGO_ARTÍCULO, SECCIÓN, NOMBRE_ARTÍCULO, PRECIO, FECHA, IMPORTADO, PAÍS_DE_ORIGEN, FOTO) VALUES ('AR28', 'DEPORTES', 'BALÓN FÚTBOL', 43.9147, '2002-07-04 00:00:00', 0, 'ESPAÑA', NULL);
INSERT INTO PRODUCTOS (CÓDIGO_ARTÍCULO, SECCIÓN, NOMBRE_ARTÍCULO, PRECIO, FECHA, IMPORTADO, PAÍS_DE_ORIGEN, FOTO) VALUES ('AR29', 'CONFECCIÓN', 'ABRIGO SRA', 360.0736, '2001-05-03 00:00:00', -1, 'MARRUECOS', NULL);
INSERT INTO PRODUCTOS (CÓDIGO_ARTÍCULO, SECCIÓN, NOMBRE_ARTÍCULO, PRECIO, FECHA, IMPORTADO, PAÍS_DE_ORIGEN, FOTO) VALUES ('AR30', 'FERRETERÍA', 'DESTORNILLADOR', 9.0584, '2002-02-20 00:00:00', -1, 'FRANCIA', NULL);
INSERT INTO PRODUCTOS (CÓDIGO_ARTÍCULO, SECCIÓN, NOMBRE_ARTÍCULO, PRECIO, FECHA, IMPORTADO, PAÍS_DE_ORIGEN, FOTO) VALUES ('AR31', 'JUGUETERÍA', 'PISTOLA CON SONIDOS', 57.25, '2001-04-15 00:00:00', 0, 'ESPAÑA', NULL);
INSERT INTO PRODUCTOS (CÓDIGO_ARTÍCULO, SECCIÓN, NOMBRE_ARTÍCULO, PRECIO, FECHA, IMPORTADO, PAÍS_DE_ORIGEN, FOTO) VALUES ('AR32', 'DEPORTES', 'CRONÓMETRO', 439.1764, '2002-01-03 00:00:00', -1, 'USA', NULL);
INSERT INTO PRODUCTOS (CÓDIGO_ARTÍCULO, SECCIÓN, NOMBRE_ARTÍCULO, PRECIO, FECHA, IMPORTADO, PAÍS_DE_ORIGEN, FOTO) VALUES ('AR33', 'CERÁMICA', 'MACETA', 29.0434, '2000-02-23 00:00:00', 0, 'ESPAÑA', NULL);
INSERT INTO PRODUCTOS (CÓDIGO_ARTÍCULO, SECCIÓN, NOMBRE_ARTÍCULO, PRECIO, FECHA, IMPORTADO, PAÍS_DE_ORIGEN, FOTO) VALUES ('AR34', 'OFICINA', 'PIE DE LÁMPARA', 39.7606, '2001-05-27 00:00:00', -1, 'TURQUÍA', NULL);
INSERT INTO PRODUCTOS (CÓDIGO_ARTÍCULO, SECCIÓN, NOMBRE_ARTÍCULO, PRECIO, FECHA, IMPORTADO, PAÍS_DE_ORIGEN, FOTO) VALUES ('AR35', 'FERRETERÍA', 'LIMA GRANDE', 22.0692, '2002-08-10 00:00:00', 0, 'ESPAÑA', NULL);
INSERT INTO PRODUCTOS (CÓDIGO_ARTÍCULO, SECCIÓN, NOMBRE_ARTÍCULO, PRECIO, FECHA, IMPORTADO, PAÍS_DE_ORIGEN, FOTO) VALUES ('AR36', 'FERRETERÍA', 'JUEGO DE BROCAS', 15.095, '2002-07-04 00:00:00', -1, 'TAIWÁ', NULL);
INSERT INTO PRODUCTOS (CÓDIGO_ARTÍCULO, SECCIÓN, NOMBRE_ARTÍCULO, PRECIO, FECHA, IMPORTADO, PAÍS_DE_ORIGEN, FOTO) VALUES ('AR37', 'CONFECCIÓN', 'CINTURÓN DE PIEL', 4.3273, '2002-05-12 00:00:00', 0, 'ESPAÑA', NULL);
INSERT INTO PRODUCTOS (CÓDIGO_ARTÍCULO, SECCIÓN, NOMBRE_ARTÍCULO, PRECIO, FECHA, IMPORTADO, PAÍS_DE_ORIGEN, FOTO) VALUES ('AR38', 'DEPORTES', 'CAÑA DE PESCA', 270, '2000-02-14 00:00:00', -1, 'USA', NULL);
INSERT INTO PRODUCTOS (CÓDIGO_ARTÍCULO, SECCIÓN, NOMBRE_ARTÍCULO, PRECIO, FECHA, IMPORTADO, PAÍS_DE_ORIGEN, FOTO) VALUES ('AR39', 'CERÁMICA', 'JARRA CHINA', 127.7704, '2002-09-02 00:00:00', -1, 'CHINA', NULL);
INSERT INTO PRODUCTOS (CÓDIGO_ARTÍCULO, SECCIÓN, NOMBRE_ARTÍCULO, PRECIO, FECHA, IMPORTADO, PAÍS_DE_ORIGEN, FOTO) VALUES ('AR40', 'DEPORTES', 'BOTA ALPINISMO', 144, '2002-05-05 00:00:00', 0, 'ESPAÑA', NULL);
INSERT INTO PRODUCTOS (CÓDIGO_ARTÍCULO, SECCIÓN, NOMBRE_ARTÍCULO, PRECIO, FECHA, IMPORTADO, PAÍS_DE_ORIGEN, FOTO) VALUES ('AR41', 'DEPORTES', 'PALAS DE PING PONG', 21.6, '2002-02-02 00:00:00', 0, 'ESPAÑA', NULL);
-- 40 records

--
-- Table structure for table 'PRODUCTOS_PEDIDOS'
--

-- IF object_id('PRODUCTOS_PEDIDOS', 'U') IS NOT NULL DROP TABLE PRODUCTOS_PEDIDOS

CREATE TABLE PRODUCTOS_PEDIDOS (
  NÚMERO_DE_PEDIDO INT NOT NULL DEFAULT 0, 
  CÓDIGO_ARTÍCULO VARCHAR(4) NOT NULL, 
  UNIDADES FLOAT DEFAULT 0, 
  PRIMARY KEY (NÚMERO_DE_PEDIDO, CÓDIGO_ARTÍCULO)
);

--
-- Dumping data for table 'PRODUCTOS_PEDIDOS'
--

INSERT INTO PRODUCTOS_PEDIDOS (NÚMERO_DE_PEDIDO, CÓDIGO_ARTÍCULO, UNIDADES) VALUES (1, 'AR01', 11);
INSERT INTO PRODUCTOS_PEDIDOS (NÚMERO_DE_PEDIDO, CÓDIGO_ARTÍCULO, UNIDADES) VALUES (1, 'AR04', 10);
INSERT INTO PRODUCTOS_PEDIDOS (NÚMERO_DE_PEDIDO, CÓDIGO_ARTÍCULO, UNIDADES) VALUES (1, 'AR15', 4);
INSERT INTO PRODUCTOS_PEDIDOS (NÚMERO_DE_PEDIDO, CÓDIGO_ARTÍCULO, UNIDADES) VALUES (1, 'AR22', 18);
INSERT INTO PRODUCTOS_PEDIDOS (NÚMERO_DE_PEDIDO, CÓDIGO_ARTÍCULO, UNIDADES) VALUES (3, 'AR02', 20);
INSERT INTO PRODUCTOS_PEDIDOS (NÚMERO_DE_PEDIDO, CÓDIGO_ARTÍCULO, UNIDADES) VALUES (3, 'AR22', 3);
INSERT INTO PRODUCTOS_PEDIDOS (NÚMERO_DE_PEDIDO, CÓDIGO_ARTÍCULO, UNIDADES) VALUES (5, 'AR04', 16);
INSERT INTO PRODUCTOS_PEDIDOS (NÚMERO_DE_PEDIDO, CÓDIGO_ARTÍCULO, UNIDADES) VALUES (7, 'AR06', 16);
INSERT INTO PRODUCTOS_PEDIDOS (NÚMERO_DE_PEDIDO, CÓDIGO_ARTÍCULO, UNIDADES) VALUES (8, 'AR02', 6);
INSERT INTO PRODUCTOS_PEDIDOS (NÚMERO_DE_PEDIDO, CÓDIGO_ARTÍCULO, UNIDADES) VALUES (8, 'AR06', 5);
INSERT INTO PRODUCTOS_PEDIDOS (NÚMERO_DE_PEDIDO, CÓDIGO_ARTÍCULO, UNIDADES) VALUES (8, 'AR07', 6);
INSERT INTO PRODUCTOS_PEDIDOS (NÚMERO_DE_PEDIDO, CÓDIGO_ARTÍCULO, UNIDADES) VALUES (8, 'AR10', 2);
INSERT INTO PRODUCTOS_PEDIDOS (NÚMERO_DE_PEDIDO, CÓDIGO_ARTÍCULO, UNIDADES) VALUES (8, 'AR12', 30);
INSERT INTO PRODUCTOS_PEDIDOS (NÚMERO_DE_PEDIDO, CÓDIGO_ARTÍCULO, UNIDADES) VALUES (8, 'AR15', 15);
INSERT INTO PRODUCTOS_PEDIDOS (NÚMERO_DE_PEDIDO, CÓDIGO_ARTÍCULO, UNIDADES) VALUES (8, 'AR18', 20);
INSERT INTO PRODUCTOS_PEDIDOS (NÚMERO_DE_PEDIDO, CÓDIGO_ARTÍCULO, UNIDADES) VALUES (8, 'AR19', 18);
INSERT INTO PRODUCTOS_PEDIDOS (NÚMERO_DE_PEDIDO, CÓDIGO_ARTÍCULO, UNIDADES) VALUES (8, 'AR25', 5);
INSERT INTO PRODUCTOS_PEDIDOS (NÚMERO_DE_PEDIDO, CÓDIGO_ARTÍCULO, UNIDADES) VALUES (8, 'AR32', 15);
INSERT INTO PRODUCTOS_PEDIDOS (NÚMERO_DE_PEDIDO, CÓDIGO_ARTÍCULO, UNIDADES) VALUES (8, 'AR33', 18);
INSERT INTO PRODUCTOS_PEDIDOS (NÚMERO_DE_PEDIDO, CÓDIGO_ARTÍCULO, UNIDADES) VALUES (8, 'AR34', 5);
INSERT INTO PRODUCTOS_PEDIDOS (NÚMERO_DE_PEDIDO, CÓDIGO_ARTÍCULO, UNIDADES) VALUES (8, 'AR35', 24);
INSERT INTO PRODUCTOS_PEDIDOS (NÚMERO_DE_PEDIDO, CÓDIGO_ARTÍCULO, UNIDADES) VALUES (9, 'AR06', 14);
INSERT INTO PRODUCTOS_PEDIDOS (NÚMERO_DE_PEDIDO, CÓDIGO_ARTÍCULO, UNIDADES) VALUES (11, 'AR08', 1);
INSERT INTO PRODUCTOS_PEDIDOS (NÚMERO_DE_PEDIDO, CÓDIGO_ARTÍCULO, UNIDADES) VALUES (12, 'AR08', 12);
INSERT INTO PRODUCTOS_PEDIDOS (NÚMERO_DE_PEDIDO, CÓDIGO_ARTÍCULO, UNIDADES) VALUES (13, 'AR08', 8);
INSERT INTO PRODUCTOS_PEDIDOS (NÚMERO_DE_PEDIDO, CÓDIGO_ARTÍCULO, UNIDADES) VALUES (16, 'AR10', 17);
INSERT INTO PRODUCTOS_PEDIDOS (NÚMERO_DE_PEDIDO, CÓDIGO_ARTÍCULO, UNIDADES) VALUES (19, 'AR13', 4);
INSERT INTO PRODUCTOS_PEDIDOS (NÚMERO_DE_PEDIDO, CÓDIGO_ARTÍCULO, UNIDADES) VALUES (21, 'AR15', 11);
INSERT INTO PRODUCTOS_PEDIDOS (NÚMERO_DE_PEDIDO, CÓDIGO_ARTÍCULO, UNIDADES) VALUES (22, 'AR17', 6);
INSERT INTO PRODUCTOS_PEDIDOS (NÚMERO_DE_PEDIDO, CÓDIGO_ARTÍCULO, UNIDADES) VALUES (22, 'AR26', 4);
INSERT INTO PRODUCTOS_PEDIDOS (NÚMERO_DE_PEDIDO, CÓDIGO_ARTÍCULO, UNIDADES) VALUES (22, 'AR28', 21);
INSERT INTO PRODUCTOS_PEDIDOS (NÚMERO_DE_PEDIDO, CÓDIGO_ARTÍCULO, UNIDADES) VALUES (25, 'AR19', 12);
INSERT INTO PRODUCTOS_PEDIDOS (NÚMERO_DE_PEDIDO, CÓDIGO_ARTÍCULO, UNIDADES) VALUES (26, 'AR19', 12);
INSERT INTO PRODUCTOS_PEDIDOS (NÚMERO_DE_PEDIDO, CÓDIGO_ARTÍCULO, UNIDADES) VALUES (27, 'AR21', 11);
INSERT INTO PRODUCTOS_PEDIDOS (NÚMERO_DE_PEDIDO, CÓDIGO_ARTÍCULO, UNIDADES) VALUES (28, 'AR21', 22);
INSERT INTO PRODUCTOS_PEDIDOS (NÚMERO_DE_PEDIDO, CÓDIGO_ARTÍCULO, UNIDADES) VALUES (29, 'AR22', 12);
INSERT INTO PRODUCTOS_PEDIDOS (NÚMERO_DE_PEDIDO, CÓDIGO_ARTÍCULO, UNIDADES) VALUES (30, 'AR23', 33);
INSERT INTO PRODUCTOS_PEDIDOS (NÚMERO_DE_PEDIDO, CÓDIGO_ARTÍCULO, UNIDADES) VALUES (31, 'AR24', 31);
INSERT INTO PRODUCTOS_PEDIDOS (NÚMERO_DE_PEDIDO, CÓDIGO_ARTÍCULO, UNIDADES) VALUES (32, 'AR25', 11);
INSERT INTO PRODUCTOS_PEDIDOS (NÚMERO_DE_PEDIDO, CÓDIGO_ARTÍCULO, UNIDADES) VALUES (34, 'AR22', 7);
INSERT INTO PRODUCTOS_PEDIDOS (NÚMERO_DE_PEDIDO, CÓDIGO_ARTÍCULO, UNIDADES) VALUES (34, 'AR27', 3);
INSERT INTO PRODUCTOS_PEDIDOS (NÚMERO_DE_PEDIDO, CÓDIGO_ARTÍCULO, UNIDADES) VALUES (35, 'AR22', 9);
INSERT INTO PRODUCTOS_PEDIDOS (NÚMERO_DE_PEDIDO, CÓDIGO_ARTÍCULO, UNIDADES) VALUES (35, 'AR27', 12);
INSERT INTO PRODUCTOS_PEDIDOS (NÚMERO_DE_PEDIDO, CÓDIGO_ARTÍCULO, UNIDADES) VALUES (37, 'AR27', 11);
INSERT INTO PRODUCTOS_PEDIDOS (NÚMERO_DE_PEDIDO, CÓDIGO_ARTÍCULO, UNIDADES) VALUES (39, 'AR29', 22);
INSERT INTO PRODUCTOS_PEDIDOS (NÚMERO_DE_PEDIDO, CÓDIGO_ARTÍCULO, UNIDADES) VALUES (40, 'AR30', 1);
INSERT INTO PRODUCTOS_PEDIDOS (NÚMERO_DE_PEDIDO, CÓDIGO_ARTÍCULO, UNIDADES) VALUES (42, 'AR31', 21);
INSERT INTO PRODUCTOS_PEDIDOS (NÚMERO_DE_PEDIDO, CÓDIGO_ARTÍCULO, UNIDADES) VALUES (43, 'AR32', 3);
INSERT INTO PRODUCTOS_PEDIDOS (NÚMERO_DE_PEDIDO, CÓDIGO_ARTÍCULO, UNIDADES) VALUES (44, 'AR22', 22);
INSERT INTO PRODUCTOS_PEDIDOS (NÚMERO_DE_PEDIDO, CÓDIGO_ARTÍCULO, UNIDADES) VALUES (45, 'AR36', 21);
INSERT INTO PRODUCTOS_PEDIDOS (NÚMERO_DE_PEDIDO, CÓDIGO_ARTÍCULO, UNIDADES) VALUES (46, 'AR37', 8);
INSERT INTO PRODUCTOS_PEDIDOS (NÚMERO_DE_PEDIDO, CÓDIGO_ARTÍCULO, UNIDADES) VALUES (47, 'AR38', 12);
INSERT INTO PRODUCTOS_PEDIDOS (NÚMERO_DE_PEDIDO, CÓDIGO_ARTÍCULO, UNIDADES) VALUES (48, 'AR38', 13);
INSERT INTO PRODUCTOS_PEDIDOS (NÚMERO_DE_PEDIDO, CÓDIGO_ARTÍCULO, UNIDADES) VALUES (49, 'AR39', 13);
INSERT INTO PRODUCTOS_PEDIDOS (NÚMERO_DE_PEDIDO, CÓDIGO_ARTÍCULO, UNIDADES) VALUES (50, 'AR39', 1);
-- 55 records

